id,name,description,muscle_group,difficulty,demonstration_video,demonstration_video_2,calories,equipment
1,Отжимания ноги на возвышенности,В этом упражнении больше работает трицепс.,Грудные мыщцы,3,https://makefitness.pro/wp-content/uploads/2020/09/%D0%BE%D1%82%D0%B6%D0%B8%D0%BC%D0%B0%D0%BD%D0%B8%D1%8F-%D0%BD%D0%BE%D0%B3%D0%B8-%D0%BD%D0%B0-%D0%B2%D0%BE%D0%B7%D0%B2%D1%8B%D1%88%D0%B5%D0%BD%D0%BD%D0%BE%D1%81%D1%82%D0%B8.gif,,0.4,Со своим весом
2,Шраги,В этом упражнении работает верх спины.,Мышцы спины,3,https://makefitness.pro/wp-content/uploads/2020/02/%D1%88%D1%80%D0%B0%D0%B3%D0%B8-2.gif,,0.4,С резиновыми петлями
3,Сгибания на бицепс,В этом упражнении работает бицепс.,Мышцы рук,4,https://makefitness.pro/wp-content/uploads/2020/02/%D1%81%D0%B3%D0%B8%D0%B1%D0%B0%D0%BD%D0%B8%D0%B5-%D0%BD%D0%B0-%D0%B1%D0%B8%D1%86%D0%B5%D0%BF%D1%81-%D0%B4%D0%B2%D1%83%D0%BC%D1%8F-%D1%80%D1%83%D0%BA%D0%B0%D0%BC%D0%B8.gif,,0.4,С резиновыми петлями
4,Классические отжимания,"В этом упражнении работает грудь и трицепс. Так же, если не хватает сил для полноценных отжиманий, то можно отжиматься с колен.",Грудные мыщцы,3,https://makefitness.pro/wp-content/uploads/2020/02/%D0%BE%D1%82%D0%B6%D0%B8%D0%BC%D0%B0%D0%BD%D0%B8%D1%8F-%D0%BA%D0%BB%D0%B0%D1%81%D1%81%D0%B8%D0%BA.gif,https://makefitness.pro/wp-content/uploads/2020/02/%D0%BE%D1%82%D0%B6-%D1%81-%D0%BA%D0%BE%D0%BB%D0%B5%D0%BD-1.gif,0.4,Со своим весом
5,Отжимания от стульев,В этом упражнении работает грудь и трицепс.,Грудные мыщцы,2,https://makefitness.pro/wp-content/uploads/2019/10/%D0%9E%D1%82%D0%B6%D0%B8%D0%BC%D0%B0%D0%BD%D0%B8%D1%8F-%D0%BE%D1%82-%D1%81%D1%82%D1%83%D0%BB%D1%8C%D0%B5%D0%B2-2-%D1%81%D1%82%D1%83%D0%BB%D0%B0-%D0%9A%D0%BE%D0%BB%D1%8F.gif,https://makefitness.pro/wp-content/uploads/2019/10/%D0%9E%D1%82%D0%B6%D0%B8%D0%BC%D0%B0%D0%BD%D0%B8%D1%8F-%D0%BE%D1%82-%D1%81%D1%82%D1%83%D0%BB%D1%8C%D0%B5%D0%B2-%D0%BE%D1%81%D0%BB%D0%BE%D0%B6%D0%BD%D0%B5%D0%BD%D0%B8%D0%B5-3-%D1%81%D1%82%D1%83%D0%BB%D0%B0-%D0%9A%D0%BE%D0%BB%D1%8F.gif,0.4,Со своим весом
6,Отжимания узким хватом,В этом упражнении больше работает трицепс.,Грудные мыщцы,4,https://makefitness.pro/wp-content/uploads/2020/02/%D0%BE%D1%82%D0%B6-%D1%83%D0%B7%D0%BA%D0%B8%D0%B5.gif,,0.4,Со своим весом
7,Отжимания лучника,В этом упражнении работает грудь и трицепс.,Грудные мыщцы,3,https://makefitness.pro/wp-content/uploads/2020/02/%D0%BE%D1%82%D0%B6%D0%B8%D0%BC%D0%B0%D0%BD%D0%B8%D1%8F-%D0%BB%D1%83%D1%87%D0%BD%D0%B8%D0%BA%D0%B0.gif,,0.4,Со своим весом
8,Отжимания с подносом колена,В этом упражнении работает грудь и трицепс.,Грудные мыщцы,3,https://makefitness.pro/wp-content/uploads/2020/02/%D0%BE%D1%82%D0%B6-%D1%81-%D0%BF%D0%BE%D0%B4%D0%BD%D0%BE%D1%81%D0%BE%D0%BC-%D0%BA%D0%BE%D0%BB%D0%B5%D0%BD%D0%B0-%D0%B2-%D0%BD%D0%B8%D0%B6%D0%BD%D0%B5%D0%B9-%D1%82%D0%BE%D1%87%D0%BA%D0%B5.gif,,0.4,Со своим весом
9,Кик отжимания,В этом упражнении работает грудь и трицепс.,Грудные мыщцы,5,https://makefitness.pro/wp-content/uploads/2020/02/%D0%BA%D0%B8%D0%BA-%D0%BE%D1%82%D0%B6%D0%B8%D0%BC%D0%B0%D0%BD%D0%B8%D1%8F.gif,,0.4,Со своим весом
10,Жим гантель лежа (общая грудь),В этом упражнении работает грудь и трицепс.,Грудные мыщцы,4,https://makefitness.pro/wp-content/uploads/2020/02/%D0%B6%D0%B8%D0%BC-%D0%B3%D0%B0%D0%BD%D1%82%D0%B5%D0%BB%D0%B5%D0%B9-%D0%BB%D1%91%D0%B6%D0%B0-1.gif,,0.4,С гантелями
11,Жим гантель под положительным углом (верх груди),В этом упражнении работает грудь и трицепс.,Грудные мыщцы,3,https://makefitness.pro/wp-content/uploads/2020/02/%D0%B6%D0%B8%D0%BC-%D0%B3%D0%B0%D0%BD%D1%82%D0%B5%D0%BB%D0%B5%D0%B9-%D0%BD%D0%B0-%D0%BD%D0%B0%D0%BA%D0%BB%D0%BE%D0%BD%D0%BE%D0%B9.gif,,0.4,С гантелями
12,Жим гантель под отрицательным углом (низ грудных мышц),В этом упражнении работает грудь и трицепс.,Грудные мыщцы,4,https://makefitness.pro/wp-content/uploads/2020/02/%D0%B6%D0%B8%D0%BC-%D0%B3%D0%B0%D0%BD%D1%82%D0%B5%D0%BB%D0%B5%D0%B9-%D0%BF%D0%BE%D0%B4-%D0%BE%D1%82%D1%80%D0%B8%D1%86%D0%B0%D1%82%D0%B5%D0%BB%D1%8C%D0%BD%D1%8B%D0%BC-%D1%83%D0%B3%D0%BB%D0%BE%D0%BC-%D0%BB%D1%91%D0%B6%D0%B0.gif,,0.4,С гантелями
13,Разведение гантель лежа,В этом упражнении работает грудь и трицепс.,Грудные мыщцы,2,https://makefitness.pro/wp-content/uploads/2020/02/%D1%80%D0%B0%D0%B7%D0%B2%D0%B5%D0%B4%D0%B5%D0%BD%D0%B8%D0%B5-%D0%B3%D0%B0%D0%BD%D1%82%D0%B5%D0%BB%D0%B5%D0%B9-%D0%BB%D1%91%D0%B6%D0%B0.gif,,0.4,С гантелями
14,Разведение гантель лежа под положительным углом (верх груди),В этом упражнении работает грудь и трицепс.,Грудные мыщцы,2,https://makefitness.pro/wp-content/uploads/2020/02/%D1%80%D0%B0%D0%B7%D0%B2%D0%B5%D0%B4%D0%B5%D0%BD%D0%B8%D0%B5-%D0%B3%D0%B0%D0%BD%D1%82%D0%B5%D0%BB%D0%B5%D0%B9-%D0%BB%D1%91%D0%B6%D0%B0-%D0%BD%D0%B0-%D0%BD%D0%B0%D0%BA%D0%BB%D0%BE%D0%BD%D0%BE%D0%B9-%D1%81%D0%BA%D0%B0%D0%BC%D1%8C%D0%B5.gif,,0.4,С гантелями
15,Разведение гантель лежа под отрицательным углом (низ грудных мышц),В этом упражнении работает грудь и трицепс.,Грудные мыщцы,2,https://makefitness.pro/wp-content/uploads/2020/02/%D0%B6%D0%B8%D0%BC-%D0%B3%D0%B0%D0%BD%D1%82%D0%B5%D0%BB%D0%B5%D0%B9-%D0%BB%D1%91%D0%B6%D0%B0-%D0%BD%D0%B0-%D1%81%D0%BA%D0%B0%D0%BC%D1%8C%D0%B5-%D0%BF%D0%BE%D0%B4-%D0%BE%D1%82%D1%80%D0%B8%D1%86%D0%B0%D1%82%D0%B5%D0%BB%D1%8C%D0%BD%D1%8B%D0%BC-%D1%83%D0%B3%D0%BB%D0%BE%D0%BC.gif,,0.4,С гантелями
16,Пуловер с гантелей,В этом упражнении работает грудь и трицепс.,Грудные мыщцы,3,https://makefitness.pro/wp-content/uploads/2020/09/%D0%BF%D0%BE%D0%BB%D0%BE%D0%B2%D0%B5%D1%80-%D1%81-%D0%B3%D0%B0%D0%BD%D1%82%D0%B5%D0%BB%D0%B5%D0%B9.gif,,0.4,С гантелями
17,Жим штанги лежа,В этом упражнении работает грудь и трицепс.,Грудные мыщцы,3,https://makefitness.pro/wp-content/uploads/2020/02/%D0%B6%D0%B8%D0%BC-%D1%88%D1%82%D0%B0%D0%BD%D0%B3%D0%B8-%D0%BB%D0%B5%D0%B6%D0%B0.gif,,0.4,Со штангой
18,Жим штанги лежа  под положительным углом (верх грудных мышц),В этом упражнении работает грудь и трицепс.,Грудные мыщцы,3,https://makefitness.pro/wp-content/uploads/2020/02/%D0%B6%D0%B8%D0%BC-%D0%BD%D0%B0-%D0%BD%D0%B0%D0%BA%D0%BB%D0%BE%D0%BD%D0%BE%D0%B9.gif,,0.4,Со штангой
19,Жим штанги лежа под отрицательным углом (низ грудных мышц),В этом упражнении работает грудь и трицепс.,Грудные мыщцы,3,https://makefitness.pro/wp-content/uploads/2020/02/%D0%B6%D0%B8%D0%BC-%D1%88%D1%82%D0%B0%D0%BD%D0%B3%D0%B8-%D0%BB%D1%91%D0%B6%D0%B0-%D0%B3%D0%BE%D0%BB%D0%BE%D0%B2%D0%BE%D0%B9-%D0%B2%D0%BD%D0%B8%D0%B7.gif,,0.4,Со штангой
20,Отжимания с резиной,В этом упражнении работает грудь и трицепс.,Грудные мыщцы,4,https://makefitness.pro/wp-content/uploads/2020/02/%D0%BE%D1%82%D0%B6%D0%B8%D0%BC%D0%B0%D0%BD%D0%B8%D0%B5-%D1%81-%D1%80%D0%B5%D0%B7%D0%B8%D0%BD%D0%BA%D0%BE%D0%B9.gif,,0.4,С резиной
21,Отжимания на брусьях,В этом упражнении работает грудь и трицепс.,Грудные мыщцы,5,https://makefitness.pro/wp-content/uploads/2020/03/%D0%BE%D1%82%D0%B6%D0%B8%D0%BC%D0%B0%D0%BD%D0%B8%D1%8F-%D0%BD%D0%B0-%D0%B1%D1%80%D1%83%D1%81%D1%8C%D1%8F%D1%85-%D0%B4%D0%BB%D1%8F-%D0%B3%D1%80%D1%83%D0%B4%D0%B8.gif,,0.4,На брусьях
22,Гиперэкстензия лежа,В этом упражнении работают поясничные мышцы.,Мышцы спины,4,https://makefitness.pro/wp-content/uploads/2020/02/%D0%B3%D0%B8%D0%BF%D0%B5%D1%80%D1%8D%D0%BA%D1%81%D1%82%D0%B5%D0%BD%D0%B7%D0%B8%D1%8F.gif,,0.4,Со своим весом
23,Повороты корпуса,В этом упражнении работают поясничные мышцы и частично задействованы широчайшие мышцы.,Мышцы спины,3,https://makefitness.pro/wp-content/uploads/2020/02/%D0%BF%D0%BE%D0%B2%D0%BE%D1%80%D0%BE%D1%82%D1%8B-%D0%BA%D0%BE%D1%80%D0%BF%D1%83%D1%81%D0%B0-%D0%BB%D0%B5%D0%B6%D0%B0.gif,,0.4,Со своим весом
24,Пловец,В этом упражнении работают поясничные мышцы и широчайшие мышцы.,Мышцы спины,3,https://makefitness.pro/wp-content/uploads/2020/02/%D0%BF%D0%BB%D0%B0%D0%B2%D0%B5%D1%86-%D0%B1%D0%B5%D0%B7-%D0%BD%D0%BE%D0%B3.gif,,0.4,Со своим весом
25,Приведение локтей лежа,В этом упражнении работают поясничные мышцы и широчайшие мышцы.,Мышцы спины,3,https://makefitness.pro/wp-content/uploads/2020/02/%D0%BF%D1%80%D0%B8%D0%B2%D0%B5%D0%B4%D0%B5%D0%BD%D0%B8%D0%B5-%D0%BB%D0%BE%D0%BA%D1%82%D0%B5%D0%B9-%D0%BB%D0%B5%D0%B6%D0%B0-1.gif,,0.4,Со своим весом
26,Тяга гантель в наклоне,В этом упражнении работают широчайшие мышцы.,Мышцы спины,4,https://makefitness.pro/wp-content/uploads/2020/02/%D1%82%D1%8F%D0%B3%D0%B0-%D0%B3%D0%B0%D0%BD%D1%82%D0%B5%D0%BB%D0%B5%D0%B9-%D0%B2-%D0%BD%D0%B0%D0%BA%D0%BB%D0%BE%D0%BD%D0%B5.gif,,0.4,С гантелями
27,Тяга гантель в упоре,В этом упражнении работают широчайшие мышцы и нет нагрузки на поясницу.,Мышцы спины,3,https://makefitness.pro/wp-content/uploads/2020/02/%D1%82%D1%8F%D0%B3%D0%B0-%D0%B3%D0%B0%D0%BD%D1%82%D0%B5%D0%BB%D0%B5%D0%B9-%D0%BB%D1%91%D0%B6%D0%B0-%D0%BD%D0%B0-%D1%81%D0%BA%D0%B0%D0%BC%D1%8C%D0%B5.gif,,0.4,С гантелями
28,Шраги,В этом упражнении работают трапециевидные мышцы.,Мышцы спины,3,https://makefitness.pro/wp-content/uploads/2020/02/%D1%88%D1%80%D0%B0%D0%B3%D0%B8-%D1%81-%D0%B3%D0%B0%D0%BD%D1%82%D0%B5%D0%BB%D1%8F%D0%BC%D0%B8.gif,,0.4,С гантелями
29,Мертвая тяга,В этом упражнении работают поясничные мышцы и ягодицы.,Мышцы спины,3,https://makefitness.pro/wp-content/uploads/2020/02/%D0%BC%D0%B5%D1%80%D1%82%D0%B2%D0%B0%D1%8F-%D1%82%D1%8F%D0%B3%D0%B0-%D1%81-%D0%B3%D0%B0%D0%BD%D1%82%D0%B5%D0%BB%D1%8F%D0%BC%D0%B8.gif,,0.4,С гантелями
30,Тяга штанги в наклоне,В этом упражнении работают широчайшие мышцы.,Мышцы спины,3,https://makefitness.pro/wp-content/uploads/2020/02/%D1%82%D1%8F%D0%B3%D0%B0-%D1%88%D1%82%D0%B0%D0%BD%D0%B3%D0%B8-%D0%B2-%D0%BD%D0%B0%D0%BA%D0%BB%D0%BE%D0%BD%D0%B52.gif,,0.4,Со штангой
31,Тяга штанги в наклоне обратным хватом,В этом упражнении работают широчайшие мышцы.,Мышцы спины,3,https://makefitness.pro/wp-content/uploads/2020/02/%D1%82%D1%8F%D0%B3%D0%B0-%D1%88%D1%82%D0%B0%D0%BD%D0%B3%D0%B8-%D0%B2-%D0%BD%D0%B0%D0%BA%D0%BB%D0%BE%D0%BD%D0%B5-%D0%BE%D0%B1%D1%80%D0%B0%D1%82%D0%BD%D1%8B%D0%BC-%D1%85%D0%B2%D0%B0%D1%82%D0%BE%D0%BC.gif,,0.4,Со штангой
32,Классическая становая тяга,В этом упражнении преимущественно работают низ спины и ноги.,Мышцы спины,3,https://makefitness.pro/wp-content/uploads/2020/02/%D0%BA%D0%BB%D0%B0%D1%81%D1%81%D0%B8%D1%87%D0%B5%D1%81%D0%BA%D0%B0%D1%8F-%D1%81%D1%82%D0%B0%D0%BD%D0%BE%D0%B2%D0%B0%D1%8F-%D1%82%D1%8F%D0%B3%D0%B0.gif,,0.4,Со штангой
33,Становая тяга «сумо»,В этом упражнении преимущественно работают низ спины и ноги.,Мышцы спины,3,https://makefitness.pro/wp-content/uploads/2020/02/%D1%81%D1%82%D0%B0%D0%BD%D0%BE%D0%B2%D0%B0%D1%8F-%D1%81%D1%83%D0%BC%D0%BE.gif,,0.4,Со штангой
34,Наклоны со штангой,В этом упражнении работают поясничные мышцы.,Мышцы спины,2,https://makefitness.pro/wp-content/uploads/2020/02/%D0%BD%D0%B0%D0%BA%D0%BB%D0%BE%D0%BD%D1%8B-%D1%81%D0%BE-%D1%88%D1%82%D0%B0%D0%BD%D0%B3%D0%BE%D0%B92.gif,,0.4,Со штангой
35,Шраги,В этом упражнении работает верх спины.,Мышцы спины,3,https://makefitness.pro/wp-content/uploads/2020/02/%D1%88%D1%80%D0%B0%D0%B3%D0%B8-%D1%81%D0%BE-%D1%88%D1%82%D0%B0%D0%BD%D0%B3%D0%BE%D0%B9.gif,,0.4,Со штангой
36,Подтягивания широким хватом,В этом упражнении работают широчайшие и трапециевидные мышцы.,Мышцы спины,3,https://makefitness.pro/wp-content/uploads/2020/02/%D0%9F%D0%BE%D0%B4%D1%82%D1%8F%D0%B3%D0%B8%D0%B2%D0%B0%D0%BD%D0%B8%D1%8F-%D1%88%D0%B8%D1%80%D0%BE%D0%BA%D0%B8%D0%BC-%D1%85%D0%B2%D0%B0%D1%82%D0%BE%D0%BC.gif,,0.4,На турнике
37,Тяга в наклоне,В этом упражнении работают широчайшие и ромбовидные мышцы.,Мышцы спины,3,https://makefitness.pro/wp-content/uploads/2020/02/%D1%82%D1%8F%D0%B3%D0%B0-%D0%BA-%D0%BF%D0%BE%D1%8F%D1%81%D1%83-%D0%B2-%D0%BD%D0%B0%D0%BA%D0%BB%D0%BE%D0%BD%D0%B5-1.gif,,0.4,С резиновыми петлями
38,Тяга в наклоне одной рукой поочередно,В этом упражнении работают широчайшие мышцы.,Мышцы спины,4,https://makefitness.pro/wp-content/uploads/2020/02/%D1%82%D1%8F%D0%B3%D0%B0-%D0%BA-%D0%BF%D0%BE%D1%8F%D1%81%D1%83-%D0%BE%D0%B4%D0%BD%D0%BE%D0%B9-%D1%80%D1%83%D0%BA%D0%BE%D0%B9.gif,,0.4,С резиновыми петлями
39,Наклоны вперед,В этом упражнении работают широчайшие и ромбовидные мышцы.,Мышцы спины,2,https://makefitness.pro/wp-content/uploads/2020/02/%D0%BD%D0%B0%D0%BA%D0%BB%D0%BE%D0%BD%D1%8B-%D0%B2%D0%BF%D0%B5%D1%80%D0%B5%D0%B4-1.gif,,0.4,С резиновыми петлями
40,Классический подъем гантель на бицепс стоя,В этом упражнении работает бицепс.,Мышцы рук,3,https://makefitness.pro/wp-content/uploads/2020/02/%D0%BF%D0%BE%D0%B4%D1%8A%D1%91%D0%BC-%D0%B3%D0%B0%D0%BD%D1%82%D0%B5%D0%BB%D0%B5%D0%B9-%D0%BD%D0%B0-%D0%B1%D0%B8%D1%86%D0%B5%D0%BF%D1%81.gif,,0.4,С гантелями
41,Подъем гантель на бицепс с супинацией,В этом упражнении работает бицепс.,Мышцы рук,3,https://makefitness.pro/wp-content/uploads/2020/02/%D0%BF%D0%BE%D0%B4%D1%8A%D1%91%D0%BC-%D0%B3%D0%B0%D0%BD%D1%82%D0%B5%D0%BB%D0%B5%D0%B9-%D0%BD%D0%B0-%D0%B1%D0%B8%D1%86%D0%B5%D0%BF%D1%81-%D1%81-%D1%81%D1%83%D0%BF%D0%B8%D0%BD%D0%B0%D1%86%D0%B8%D0%B5%D0%B9.gif,,0.4,С гантелями
42,"Подъем на бицепс сидя, с упором в бедро",В этом упражнении работает бицепс.,Мышцы рук,2,https://makefitness.pro/wp-content/uploads/2020/02/%D0%BF%D0%BE%D0%B4%D1%8C%D1%91%D0%BC-%D0%B3%D0%B0%D0%BD%D1%82%D0%B5%D0%BB%D0%B5%D0%B9-%D1%81%D0%B8%D0%B4%D1%83-%D1%81-%D1%83%D0%BF%D0%BE%D1%80%D0%BE%D0%BC-%D0%B2-%D0%B1%D0%B5%D0%B4%D1%80%D0%BE.gif,,0.4,С гантелями
43,Сгибания рук в упоре о скамью,В этом упражнении работает бицепс.,Мышцы рук,2,https://makefitness.pro/wp-content/uploads/2020/02/%D0%BF%D0%BE%D0%B4%D1%8A%D1%91%D0%BC-%D0%B3%D0%B0%D0%BD%D1%82%D0%B5%D0%BB%D0%B5%D0%B9-%D0%B2-%D1%83%D0%BF%D0%BE%D1%80%D0%B5.gif,,0.4,С гантелями
44,Подъем гантель на бицепс сидя на скамье,В этом упражнении работает бицепс.,Мышцы рук,3,https://makefitness.pro/wp-content/uploads/2020/02/%D0%BF%D0%BE%D0%B4%D1%8A%D1%91%D0%BC-%D0%B3%D0%B0%D0%BD%D1%82%D0%B5%D0%BB%D0%B5%D0%B9-%D1%81%D0%B8%D0%B4%D1%8F-%D0%BD%D0%B0-%D1%81%D0%BA%D0%B0%D0%BC%D1%8C%D0%B5.gif,,0.4,С гантелями
45,Подъем на бицепс с упором о скамью,В этом упражнении работает бицепс.,Мышцы рук,3,https://makefitness.pro/wp-content/uploads/2020/02/%D0%BF%D0%BE%D0%B4%D1%8A%D1%91%D0%BC-%D0%BD%D0%B0-%D0%B1%D0%B8%D1%86%D0%B5%D0%BF%D1%81-%D0%B3%D0%B0%D0%BD%D1%82%D0%B5%D0%BB%D0%B5%D0%B9-%D1%81-%D1%83%D0%BF%D0%BE%D1%80%D0%BE%D0%BC-%D0%BE%D0%B1-%D1%81%D0%BA%D0%B0%D0%BC%D0%B5%D0%B9%D0%BA%D1%83.gif,,0.4,С гантелями
46,Французский жим с гантелями стоя,В этом упражнении работает трицепс.,Мышцы рук,4,https://makefitness.pro/wp-content/uploads/2020/02/%D1%84%D1%80%D0%B0%D0%BD%D1%86%D1%83%D0%B7%D0%BA%D0%B8%D0%B9-%D0%B6%D0%B8%D0%BC-%D1%81%D1%82%D0%BE%D1%8F-%D1%81-%D0%B3%D0%B0%D0%BD%D1%82%D0%B5%D0%BB%D0%B5%D0%B9.gif,,0.4,С гантелями
47,Французский жим с гантелями сидя,В этом упражнении работает трицепс.,Мышцы рук,3,https://makefitness.pro/wp-content/uploads/2020/02/%D1%84%D1%80%D0%B0%D0%BD%D1%86%D1%83%D0%B7%D0%BA%D0%B8%D0%B9-%D0%B6%D0%B8%D0%BC-%D1%81-%D0%B3%D0%B0%D0%BD%D1%82%D0%B5%D0%BB%D0%B5%D0%B9-%D1%81%D0%B8%D0%B4%D1%8F.gif,,0.4,С гантелями
48,Французский жим с гантелями лёжа (с 2 гантелями),В этом упражнении работает трицепс.,Мышцы рук,5,https://makefitness.pro/wp-content/uploads/2020/02/%D1%84%D1%80%D0%B0%D0%BD%D1%86%D1%83%D0%B7%D0%BA%D0%B8%D0%B9-%D0%B6%D0%B8%D0%BC-%D0%BB%D1%91%D0%B6%D0%B0-%D1%81-%D0%B3%D0%B0%D0%BD%D1%82%D0%B5%D0%BB%D1%8F%D0%BC%D0%B8.gif,,0.4,С гантелями
49,Разгибание руки из-за головы,В этом упражнении работает трицепс.,Мышцы рук,3,https://makefitness.pro/wp-content/uploads/2020/02/%D1%80%D0%B0%D1%88%D0%B8%D0%B1%D0%B0%D0%BD%D0%B8%D0%B5-%D1%80%D1%83%D0%BA%D0%B8-%D1%81-%D0%B3%D0%B0%D0%BD%D1%82%D0%B5%D0%BB%D0%B5%D0%B9-%D0%B8%D0%B7-%D0%B7%D0%B0-%D0%B3%D0%BE%D0%BB%D0%BE%D0%B2%D1%8B.gif,,0.4,С гантелями
50,Разгибание руки с гантелей в наклоне,В этом упражнении работает трицепс.,Мышцы рук,3,https://makefitness.pro/wp-content/uploads/2020/02/%D1%80%D0%B0%D0%B7%D0%B3%D0%B8%D0%B1%D0%B0%D0%BD%D0%B8%D0%B5-%D1%80%D1%83%D0%BA%D0%B8-%D0%B2-%D0%BD%D0%B0%D0%BA%D0%BB%D0%BE%D0%BD%D0%B5.gif,,0.4,С гантелями
51,Молоток,В этом упражнении работает предплечье.,Мышцы рук,3,https://makefitness.pro/wp-content/uploads/2020/02/%D0%BC%D0%BE%D0%BB%D0%BE%D1%82%D0%BE%D0%BA-%D1%81-%D0%B3%D0%B0%D0%BD%D1%82%D0%B5%D0%BB%D1%8F%D0%BC%D0%B8.gif,,0.4,С гантелями
52,Подъем гантель с упором о скамью,В этом упражнении работает предплечье.,Мышцы рук,3,https://makefitness.pro/wp-content/uploads/2020/02/%D0%BF%D0%BE%D0%B4%D1%8A%D1%91%D0%BC-%D0%B3%D0%B0%D0%BD%D1%82%D0%B5%D0%BB%D0%B5%D0%B9-%D0%BD%D0%B0-%D0%BF%D1%80%D0%B5%D0%B4%D0%BF%D0%BB%D0%B5%D1%87%D1%8C%D0%B5-%D1%81-%D1%83%D0%BF%D0%BE%D1%80%D0%BE%D0%BC-%D0%BE%D0%B1-%D1%81%D0%BA%D0%B0%D0%BC%D1%8C%D1%8E.gif,,0.4,С гантелями
53,Узкие отжимания,В этом упражнении работает трицепс.,Мышцы рук,5,https://makefitness.pro/wp-content/uploads/2020/02/%D0%BE%D1%82%D0%B6-%D1%83%D0%B7%D0%BA%D0%B8%D0%B5.gif,,0.4,Со своим весом
54,Разгибания рук в обратной пленке,В этом упражнении работает трицепс.,Мышцы рук,4,https://makefitness.pro/wp-content/uploads/2020/02/%D1%80%D0%B0%D0%B7%D0%B3%D0%B8%D0%B1%D0%B0%D0%BD%D0%B8%D1%8F-%D1%80%D1%83%D0%BA-%D0%BE%D1%82-%D0%BF%D0%BE%D0%BB%D0%B0-%D0%B2-%D0%BE%D0%B1%D1%80%D0%B0%D1%82%D0%BD%D0%BE%D0%B9-%D0%BF%D0%BB%D0%B0%D0%BD%D0%BA%D0%B5.gif,,0.4,Со своим весом
55,Отжимания спиной к скамье или стулу,В этом упражнении работает трицепс.,Мышцы рук,4,https://makefitness.pro/wp-content/uploads/2020/02/%D0%BE%D1%82%D0%B6%D0%B8%D0%BC%D0%B0%D0%BD%D0%B8%D1%8F-%D1%81%D0%BF%D0%B8%D0%BD%D0%BE%D0%B9-%D0%BA-%D1%81%D0%BA%D0%B0%D0%BC%D1%8C%D0%B5.gif,,0.4,Со своим весом
56,Выпады назад,В этом упражнении даётся комплексная нагрузка на все мышцы ног.,Мышцы ног,4,https://makefitness.pro/wp-content/uploads/2020/02/%D0%B2%D1%8B%D0%BF%D0%B0%D0%B4%D1%8B-%D1%81%D0%BE-%D1%88%D1%82%D0%B0%D0%BD%D0%B3%D0%BE%D0%B9-%D0%BD%D0%B0%D0%B7%D0%B0%D0%B4.gif,,0.4,Со штангой
57,Сгибания на бицепс поочередно каждой рукой,В этом упражнении работает бицепс.,Мышцы рук,4,https://makefitness.pro/wp-content/uploads/2020/02/%D1%81%D0%B3%D0%B8%D0%B1%D0%B0%D0%BD%D0%B8%D0%B5-%D0%BD%D0%B0-%D0%B1%D0%B8%D1%86%D0%B5%D0%BF%D1%81-%D0%BE%D0%B4%D0%BD%D0%BE%D0%B9-%D1%80%D1%83%D0%BA%D0%BE%D0%B9-1.gif,,0.4,С резиновыми петлями
58,Сгибания на бицепс в наклоне,В этом упражнении работает бицепс.,Мышцы рук,4,https://makefitness.pro/wp-content/uploads/2020/02/%D1%81%D0%B3%D0%B8%D0%B1%D0%B0%D0%BD%D0%B8%D1%8F-%D0%BD%D0%B0-%D0%B1%D0%B8%D1%86%D0%B5%D0%BF%D1%81-%D0%B4%D0%B2%D1%83%D0%BC%D1%8F-%D1%80%D1%83%D0%BA%D0%B0%D0%BC%D0%B8-%D0%B2-%D0%BD%D0%B0%D0%BA%D0%BB%D0%BE%D0%BD%D0%B5.gif,,0.4,С резиновыми петлями
59,Сгибания на бицепс в наклоне одной рукой,В этом упражнении работает бицепс.,Мышцы рук,4,https://makefitness.pro/wp-content/uploads/2020/02/%D1%81%D0%B3%D0%B8%D0%B1%D0%B0%D0%BD%D0%B8%D0%B5-%D0%BD%D0%B0-%D0%B1%D0%B8%D1%86%D0%B5%D0%BF%D1%81-%D0%B2-%D0%BD%D0%B0%D0%BA%D0%BB%D0%BE%D0%BD%D0%B5.gif,,0.4,С резиновыми петлями
60,Молотковые сгибания,В этом упражнении работает предплечье.,Мышцы рук,4,https://makefitness.pro/wp-content/uploads/2020/02/%D1%81%D0%B3%D0%B8%D0%B1%D0%B0%D0%BD%D0%B8%D0%B5-%D0%BD%D0%B0-%D0%B1%D0%B8%D1%86%D0%B5%D0%BF%D1%81-%D0%B2-%D1%81%D1%82%D0%B8%D0%BB%D0%B5-%D0%BC%D0%BE%D0%BB%D0%BE%D1%82%D0%BA%D0%BE%D0%BC.gif,,0.4,С резиновыми петлями
61,Молотковые сгибания одной рукой,В этом упражнении работает предплечье.,Мышцы рук,4,https://makefitness.pro/wp-content/uploads/2020/02/%D1%81%D0%B3%D0%B8%D0%B1%D0%B0%D0%BD%D0%B8%D1%8F-%D0%BD%D0%B0-%D0%B1%D0%B8%D1%86%D0%B5%D0%BF%D1%81-%D1%81%D1%82%D0%BE%D1%8F-%D0%BC%D0%BE%D0%BB%D0%BE%D1%82%D0%BA%D0%BE%D0%BC.gif,,0.4,С резиновыми петлями
62,Молотковые сгибания в наклоне,В этом упражнении работает предплечье.,Мышцы рук,4,https://makefitness.pro/wp-content/uploads/2020/02/%D1%81%D0%B3%D0%B8%D0%B1%D0%B0%D0%BD%D0%B8%D0%B5-%D0%BD%D0%B0-%D0%B1%D0%B8%D1%86%D0%B5%D0%BF%D1%81-%D0%B2-%D0%BD%D0%B0%D0%BA%D0%BB%D0%BE%D0%BD%D0%B5-%D0%BC%D0%BE%D0%BB%D0%BE%D1%82%D0%BE%D0%BC.gif,,0.4,С резиновыми петлями
63,Разгибания из-за головы,В этом упражнении работает трицепс.,Мышцы рук,4,https://makefitness.pro/wp-content/uploads/2020/02/%D1%80%D0%B0%D0%B7%D0%B3%D0%B8%D0%B1%D0%B0%D0%BD%D0%B8%D0%B5-%D1%80%D1%83%D0%BA-%D0%B2%D0%B2%D0%B5%D1%80%D1%85-%D0%B8%D0%B7-%D0%B7%D0%B0-%D0%B3%D0%BE%D0%BB%D0%BE%D0%B2%D1%8B.gif,,0.4,С резиновыми петлями
64,Разгибания из-за плеч,В этом упражнении работает трицепс.,Мышцы рук,3,https://makefitness.pro/wp-content/uploads/2020/02/%D1%80%D0%B0%D0%B7%D0%B3%D0%B8%D0%B1%D0%B0%D0%BD%D0%B8%D1%8F-%D0%BD%D0%B0-%D1%82%D1%80%D0%B8%D1%86%D0%B5%D0%BF%D1%81-%D0%B2%D0%BF%D0%B5%D1%80%D0%B5%D0%B4-%D0%B8%D0%B7-%D0%B7%D0%B0-%D0%BF%D0%BB%D0%B5%D1%87.gif,,0.4,С резиновыми петлями
65,Разгибания руки в наклоне,В этом упражнении работает трицепс.,Мышцы рук,3,https://makefitness.pro/wp-content/uploads/2020/02/%D1%80%D0%B0%D0%B7%D0%B3%D0%B8%D0%B1%D0%B0%D0%BD%D0%B8%D0%B5-%D0%BD%D0%B0-%D1%82%D1%80%D0%B8%D1%86%D0%B5%D0%BF%D1%81-%D0%B2-%D0%BD%D0%B0%D0%BA%D0%BB%D0%BE%D0%BD%D0%B5-1.gif,,0.4,С резиновыми петлями
66,Разгибания руки с резинкой,В этом упражнении работает трицепс.,Мышцы рук,5,https://makefitness.pro/wp-content/uploads/2020/04/%D1%80%D0%B0%D0%B7%D0%B3%D0%B8%D0%B1%D0%B0%D0%BD%D0%B8%D0%B5-%D1%80%D1%83%D0%BA%D0%B8-%D0%BD%D0%B0-%D1%82%D1%80%D0%B8%D1%86%D0%B5%D0%BF%D1%81-%D1%81%D1%82%D0%BE%D1%8F.gif,,0.4,С фитнес-резинкой
67,Сгибания с резинкой,В этом упражнении работает трицепс.,Мышцы рук,5,https://makefitness.pro/wp-content/uploads/2020/04/%D1%81%D0%B3%D0%B8%D0%B1%D0%B0%D0%BD%D0%B8%D0%B5-%D0%BD%D0%B0-%D0%B1%D0%B8%D1%86%D0%B5%D0%BF%D1%81.gif,,0.4,С фитнес-резинкой
68,Тяга штанги обратным хватом,В этом упражнении работает бицепс.,Мышцы рук,5,https://makefitness.pro/wp-content/uploads/2020/02/%D1%82%D1%8F%D0%B3%D0%B0-%D1%88%D1%82%D0%B0%D0%BD%D0%B3%D0%B8-%D0%B2-%D0%BD%D0%B0%D0%BA%D0%BB%D0%BE%D0%BD%D0%B5-%D0%BE%D0%B1%D1%80%D0%B0%D1%82%D0%BD%D1%8B%D0%BC-%D1%85%D0%B2%D0%B0%D1%82%D0%BE%D0%BC.gif,,0.4,Со штангой
69,Подъем штанги на бицепс,В этом упражнении работает бицепс.,Мышцы рук,4,https://makefitness.pro/wp-content/uploads/2020/02/%D0%BF%D0%BE%D0%B4%D1%8A%D0%B5%D0%BC-%D1%88%D1%82%D0%B0%D0%BD%D0%B3%D0%B8-%D0%BD%D0%B0-%D0%B1%D0%B8%D1%86%D0%B5%D0%BF%D1%81.gif,,0.4,Со штангой
70,Подъем штанги с упором о скамью,В этом упражнении работает бицепс.,Мышцы рук,4,https://makefitness.pro/wp-content/uploads/2020/02/%D0%B1%D0%B8%D1%86%D0%B5%D0%BF%D1%81-%D1%81%D0%BE-%D1%88%D1%82%D0%B0%D0%BD%D0%B3%D0%BE%D0%B9-%D0%BB%D0%B5%D0%B6%D0%B0-%D0%BD%D0%B0-%D1%81%D0%BA%D0%B0%D0%BC%D1%8C%D0%B5.gif,,0.4,Со штангой
71,Жим лежа узким хватом,В этом упражнении работает трицепс.,Мышцы рук,5,https://makefitness.pro/wp-content/uploads/2020/02/%D0%B6%D0%B8%D0%BC-%D1%88%D1%82%D0%B0%D0%BD%D0%B3%D0%B8-%D0%BB%D0%B5%D0%B6%D0%B0-%D1%83%D0%B7%D0%BA%D0%B8%D0%BC-%D1%85%D0%B2%D0%B0%D1%82%D0%BE%D0%BC.gif,,0.4,Со штангой
72,Французский жим лежа,В этом упражнении работает трицепс.,Мышцы рук,4,https://makefitness.pro/wp-content/uploads/2020/02/%D1%84%D1%80%D0%B0%D0%BD%D1%86%D1%83%D0%B7%D1%81%D0%BA%D0%B8%D0%B9-%D0%B6%D0%B8%D0%BC-%D1%81%D0%BE-%D1%88%D1%82%D0%B0%D0%BD%D0%B3%D0%BE%D0%B9-%D0%BB%D0%B5%D0%B6%D0%B0.gif,,0.4,Со штангой
73,Французский жим сидя,В этом упражнении работает трицепс.,Мышцы рук,4,https://makefitness.pro/wp-content/uploads/2020/02/%D1%84%D1%80%D0%B0%D0%BD%D1%86%D1%83%D0%B7%D0%BA%D0%B8%D0%B9-%D0%B6%D0%B8%D0%BC-%D1%81%D0%B8%D0%B4%D1%8F.gif,,0.4,Со штангой
74,Французский жим стоя,В этом упражнении работает трицепс.,Мышцы рук,4,https://makefitness.pro/wp-content/uploads/2020/02/%D1%84%D1%80%D0%B0%D0%BD%D1%86%D1%83%D0%B7%D0%BA%D0%B8%D0%B9-%D0%B6%D0%B8%D0%BC-%D1%81%D1%82%D0%BE%D1%8F.gif,,0.4,Со штангой
75,Подъем штанги на бицепс обратным хватом,В этом упражнении работает предплечье.,Мышцы рук,5,https://makefitness.pro/wp-content/uploads/2020/02/%D0%BF%D0%BE%D0%B4%D1%8A%D0%B5%D0%BC-%D1%88%D1%82%D0%B0%D0%BD%D0%B3%D0%B8-%D0%BD%D0%B0-%D0%B1%D0%B8%D1%86%D0%B5%D0%BF%D1%81-%D0%BE%D0%B1%D1%80%D0%B0%D1%82%D0%BD%D1%8B%D0%BC-%D1%85%D0%B2%D0%B0%D1%82%D0%BE%D0%BC.gif,,0.4,Со штангой
76,Подтягивания обратным хватом,В этом упражнении работает бицепс.,Мышцы рук,5,https://makefitness.pro/wp-content/uploads/2020/02/%D0%9F%D0%BE%D0%B4%D1%82%D1%8F%D0%B3%D0%B8%D0%B2%D0%B0%D0%BD%D0%B8%D1%8F-%D0%BE%D0%B1%D1%80%D0%B0%D1%82%D0%BD%D1%8B%D0%BC-%D1%85%D0%B2%D0%B0%D1%82%D0%BE%D0%BC.gif,,0.4,На турнике
77,Подтягивания параллельным хватом,В этом упражнении работает бицепс.,Мышцы рук,5,https://makefitness.pro/wp-content/uploads/2020/02/%D0%9F%D0%BE%D0%B4%D1%82%D1%8F%D0%B3%D0%B8%D0%B2%D0%B0%D0%BD%D0%B8%D1%8F-%D0%BF%D0%B0%D1%80%D0%B0%D0%BB%D0%BB%D0%B5%D0%BB%D1%8C%D0%BD%D1%8B%D0%BC-%D1%85%D0%B2%D0%B0%D1%82%D0%BE%D0%BC.gif,,0.4,На турнике
78,Отжимания на брусьях узким хватом,В этом упражнении работает трицепс.,Мышцы рук,5,https://makefitness.pro/wp-content/uploads/2020/08/%D0%BE%D1%82%D0%B6%D0%B8%D0%BC%D0%B0%D0%BD%D0%B8%D1%8F-%D0%BD%D0%B0-%D0%B1%D1%80%D1%83%D1%81%D1%8C%D1%8F%D1%85-%D0%B4%D0%BB%D1%8F-%D1%82%D1%80%D0%B8%D1%86%D0%B5%D0%BF%D1%81%D0%BE%D0%B2.gif,,0.4,На брусьях
79,Приседания,В этом упражнении даётся комплексная нагрузка на все мышцы ног.,Мышцы ног,1,https://makefitness.pro/wp-content/uploads/2020/09/%D0%BF%D1%80%D0%B8%D1%81%D0%B5%D0%B4%D0%B0%D0%BD%D0%B8%D1%8F.gif,,0.4,Со своим весом
80,Широкие приседания,В этом упражнении даётся комплексная нагрузка на все мышцы ног.,Мышцы ног,2,https://makefitness.pro/wp-content/uploads/2020/02/%D0%BF%D1%80%D0%B8%D1%81%D0%B5%D0%B4%D0%B0%D0%BD%D0%B8%D1%8F-%D1%88%D0%B8%D1%80%D0%BE%D0%BA%D0%B8%D0%B5.gif,,0.4,Со своим весом
81,Выпады,В этом упражнении даётся комплексная нагрузка на все мышцы ног.,Мышцы ног,3,https://makefitness.pro/wp-content/uploads/2020/09/%D0%B2%D1%8B%D0%BF%D0%B0%D0%B4%D1%8B-%D0%B2%D0%BF%D0%B5%D1%80%D0%B5%D0%B4.gif,,0.4,Со своим весом
82,Выпады назад,В этом упражнении даётся комплексная нагрузка на все мышцы ног.,Мышцы ног,4,https://makefitness.pro/wp-content/uploads/2020/02/%D0%B2%D1%8B%D0%BF%D0%B0%D0%B4%D1%8B-%D0%BD%D0%B0%D0%B7%D0%B0%D0%B4.gif,,0.4,Со своим весом
83,Выпады в сторону,В этом упражнении даётся комплексная нагрузка на все мышцы ног.,Мышцы ног,2,https://makefitness.pro/wp-content/uploads/2020/02/%D0%B2%D1%8B%D0%BF%D0%B0%D0%B4%D1%8B-%D0%B2-%D1%81%D1%82%D0%BE%D1%80%D0%BE%D0%BD%D1%83.gif,,0.4,Со своим весом
84,Шаги в сторону в полуприседе,В этом упражнении даётся комплексная нагрузка на все мышцы ног.,Мышцы ног,2,https://makefitness.pro/wp-content/uploads/2020/02/%D1%88%D0%B0%D0%B3%D0%B8-%D0%B2-%D1%81%D1%82%D0%BE%D1%80%D0%BE%D0%BD%D1%83-%D0%B2-%D0%BF%D0%BE%D0%BB%D1%83%D0%BF%D1%80%D0%B8%D1%81%D0%B5%D0%B4%D0%B5-1.gif,,0.4,Со своим весом
85,Шаги полу-гуськом,В этом упражнении даётся комплексная нагрузка на все мышцы ног.,Мышцы ног,3,https://makefitness.pro/wp-content/uploads/2020/02/%D1%85%D0%BE%D0%B4%D1%8C%D0%B1%D0%B0-%D0%B2-%D0%BF%D0%BE%D0%BB%D1%83%D0%BF%D1%80%D0%B8%D1%81%D0%B5%D0%B4%D0%B5.gif,,0.4,Со своим весом
86,Приседания с шагом в сторону,В этом упражнении даётся комплексная нагрузка на все мышцы ног.,Мышцы ног,3,https://makefitness.pro/wp-content/uploads/2020/02/%D1%88%D0%B0%D0%B3%D0%B8-%D0%B2-%D1%81%D1%82%D0%BE%D1%80%D0%BE%D0%BD%D1%83-%D1%81-%D0%BF%D1%80%D0%B8%D1%81%D0%B5%D0%B4%D0%B0%D0%BD%D0%B8%D1%8F%D0%BC%D0%B8.gif,,0.4,Со своим весом
87,Подъем на стул (диван/скамью),В этом упражнении даётся комплексная нагрузка на все мышцы ног.,Мышцы ног,4,https://makefitness.pro/wp-content/uploads/2020/02/%D0%B7%D0%B0%D1%88%D0%B0%D0%B3%D0%B8%D0%B2%D0%B0%D0%BD%D0%B8%D0%B5-%D0%BD%D0%B0-%D0%B2%D0%BE%D0%B7%D0%B2%D1%8B%D1%88%D0%B5%D0%BD%D0%BD%D0%BE%D1%81%D1%82%D1%8C.gif,,0.4,Со своим весом
88,Боковой подъем на стул (диван/скамью),В этом упражнении даётся комплексная нагрузка на все мышцы ног.,Мышцы ног,4,https://makefitness.pro/wp-content/uploads/2020/02/%D0%B7%D0%B0%D1%88%D0%B0%D0%B3%D0%B8%D0%B2%D0%B0%D0%BD%D0%B8%D0%B5-%D0%BD%D0%B0-%D0%B2%D0%BE%D0%B7%D0%B2%D1%8B%D1%88%D0%B5%D0%BD%D0%BD%D0%BE%D1%81%D1%82%D1%8C-%D0%B1%D0%BE%D0%BA%D0%BE%D0%BC.gif,,0.4,Со своим весом
89,Приседания с подъемом бедра,В этом упражнении даётся комплексная нагрузка на все мышцы ног.,Мышцы ног,5,https://makefitness.pro/wp-content/uploads/2020/02/%D0%BF%D1%80%D0%B8%D1%81%D0%B5%D0%B4-%D1%81-%D0%BF%D0%BE%D0%B4%D1%8A%D0%B5%D0%BC%D0%BE%D0%BC-%D0%B1%D0%B5%D0%B4%D1%80%D0%B0.gif,,0.4,Со своим весом
90,Приседания со скручиванем корпуса,В этом упражнении даётся комплексная нагрузка на все мышцы ног.,Мышцы ног,4,https://makefitness.pro/wp-content/uploads/2020/02/%D0%BF%D1%80%D0%B8%D1%81%D0%B5%D0%B4-%D1%81-%D0%BF%D0%BE%D0%B2%D0%BE%D1%80%D0%BE%D1%82%D0%BE%D0%BC-%D0%BA%D0%BE%D1%80%D0%BF%D1%83%D1%81%D0%B0.gif,,0.4,Со своим весом
91,Приседания с подъемом на носки,В этом упражнении даётся комплексная нагрузка на все мышцы ног.,Мышцы ног,4,https://makefitness.pro/wp-content/uploads/2020/02/%D0%BF%D1%80%D0%B8%D1%81%D0%B5%D0%B4-%D1%81-%D0%BF%D0%BE%D0%B4%D1%8A%D0%B5%D0%BC%D0%BE%D0%BC-%D0%BD%D0%B0-%D0%BD%D0%BE%D1%81%D0%BA%D0%B8.gif,,0.4,Со своим весом
92,Выпады со штангой на месте,В этом упражнении даётся комплексная нагрузка на все мышцы ног.,Мышцы ног,4,https://makefitness.pro/wp-content/uploads/2020/02/%D0%B2%D1%8B%D0%BF%D0%B0%D0%B4%D1%8B-%D0%BD%D0%B0-%D0%BC%D0%B5%D1%81%D1%82%D0%B5-1.gif,,0.4,Со штангой
93,Приседания с боковым отведением ноги,В этом упражнении даётся комплексная нагрузка на все мышцы ног.,Мышцы ног,5,https://makefitness.pro/wp-content/uploads/2020/02/%D0%BF%D1%80%D0%B8%D1%81%D0%B5%D0%B4%D0%B0%D0%BD%D0%B8%D0%B5-%D1%81-%D0%BE%D1%82%D0%B2%D0%B5%D0%B4%D0%B5%D0%BD%D0%B8%D0%B5%D0%BC-%D0%BD%D0%BE%D0%B3%D0%B8-%D0%B2-%D1%81%D1%82%D0%BE%D1%80%D0%BE%D0%BD%D1%83.gif,,0.4,Со своим весом
94,Махи вверх стоя на четвереньках,В этом упражнении работают ягодичные мышцы.,Мышцы ног,3,https://makefitness.pro/wp-content/uploads/2020/02/%D0%BC%D0%B0%D1%85%D0%B8-%D1%81%D0%BE%D0%B3%D0%BD%D1%83%D1%82%D0%BE%D0%B9-%D0%BD%D0%BE%D0%B3%D0%BE%D0%B9-%D0%BD%D0%B0-%D1%87%D0%B5%D1%82%D0%B2%D0%B5%D1%80%D0%B5%D0%BD%D1%8C%D0%BA%D0%B0%D1%85-1.gif,https://makefitness.pro/wp-content/uploads/2020/02/%D0%BC%D0%B0%D1%85%D0%B8-%D0%BD%D0%BE%D0%B3%D0%BE%D0%B9-%D1%81-%D0%B2%D1%8B%D0%BF%D1%80%D1%8F%D0%BC%D0%BB%D0%B5%D0%BD%D0%B8%D0%B5%D0%BC-%D0%BD%D0%B0-%D1%87%D0%B5%D1%82%D0%B2%D0%B5%D1%80%D0%B5%D0%BD%D1%8C%D0%BA%D0%B0%D1%85.gif,0.4,Со своим весом
95,Махи ногой назад с упором о стул (стену),В этом упражнении работают ягодичные мышцы.,Мышцы ног,3,https://makefitness.pro/wp-content/uploads/2020/02/%D0%BE%D1%82%D0%B2%D0%B5%D0%B4%D0%B5%D0%BD%D0%B8%D0%B5-%D0%BD%D0%BE%D0%B3%D0%B8-%D0%BD%D0%B0%D0%B7%D0%B0%D0%B4-%D1%81%D1%82%D0%BE%D1%8F-1.gif,,0.4,Со своим весом
96,Ягодичный мостик,В этом упражнении работают ягодичные мышцы.,Мышцы ног,3,https://makefitness.pro/wp-content/uploads/2020/02/%D1%8F%D0%B3%D0%BE%D0%B4%D0%B8%D1%87%D0%BD%D1%8B%D0%B9-%D0%BC%D0%BE%D1%81%D1%82%D0%B8%D0%BA.gif,,0.4,Со своим весом
97,Ягодичный мостик на одной ноге,В этом упражнении работают ягодичные мышцы.,Мышцы ног,4,https://makefitness.pro/wp-content/uploads/2020/02/%D1%8F%D0%B3%D0%BE%D0%B4%D0%B8%D1%87%D0%BD%D1%8B%D0%B9-%D0%BC%D0%BE%D1%81%D1%82%D0%B8%D0%BA-%D0%BD%D0%B0-%D0%BE%D0%B4%D0%BD%D0%BE%D0%B9-%D0%BD%D0%BE%D0%B3%D0%B5.gif,,0.4,Со своим весом
98,Маятник,В этом упражнении работают ягодичные мышцы.,Мышцы ног,3,https://makefitness.pro/wp-content/uploads/2020/02/%D0%BA%D1%80%D1%83%D0%B3%D0%BE%D0%B2%D1%8B%D0%B5-%D0%BC%D0%B0%D1%85%D0%B8-%D0%BD%D0%BE%D0%B3%D0%BE%D0%B9-%D0%BD%D0%B0-%D1%87%D0%B5%D1%82%D0%B2%D0%B5%D1%80%D0%B5%D0%BD%D1%8C%D0%BA%D0%B0%D1%85.gif,,0.4,Со своим весом
99,Отведение ноги в сторону на четвереньках,В этом упражнении работают ягодичные мышцы.,Мышцы ног,2,https://makefitness.pro/wp-content/uploads/2020/02/%D0%BC%D0%B0%D1%85%D0%B8-%D0%BD%D0%BE%D0%B3%D0%BE%D0%B9-%D0%B2%D0%B1%D0%BE%D0%BA-%D0%BD%D0%B0-%D1%87%D0%B5%D1%82%D0%B2%D0%B5%D1%80%D0%B5%D0%BD%D1%8C%D0%BA%D0%B0%D1%85.gif,,0.4,Со своим весом
100,Дотягивания до стула,В этом упражнении работают ягодичные мышцы.,Мышцы ног,2,https://makefitness.pro/wp-content/uploads/2020/09/%D0%B4%D0%BE%D1%82%D1%8F%D0%B3%D0%B8%D0%B2%D0%B0%D0%BD%D0%B8%D1%8F-%D1%81%D1%82%D0%BE%D1%8F.gif,,0.4,Со своим весом
101,Отведение ноги в сторону лежа,В этом упражнении работают мышцы внешней части бедра.,Мышцы ног,2,https://makefitness.pro/wp-content/uploads/2020/02/%D0%BC%D0%B0%D1%85%D0%B8-%D0%BD%D0%BE%D0%B3%D0%BE%D0%B9-%D0%B2%D0%B2%D0%B5%D1%80%D1%85-%D0%BB%D0%B5%D0%B6%D0%B0-%D0%BD%D0%B0-%D0%B1%D0%BE%D0%BA%D1%83.gif,,0.4,Со своим весом
102,Круговое вращение ногой лежа на боку,В этом упражнении работают мышцы внешней части бедра.,Мышцы ног,1,https://makefitness.pro/wp-content/uploads/2020/09/%D0%BA%D1%80%D1%83%D0%B3%D0%BE%D0%B2%D1%8B%D0%B5-%D0%B2%D1%80%D0%B0%D1%89%D0%B5%D0%BD%D0%B8%D1%8F-%D0%BD%D0%BE%D0%B3%D0%BE%D0%B9-%D0%BB%D0%B5%D0%B6%D0%B0-%D0%BD%D0%B0-%D0%B1%D0%BE%D0%BA%D1%83.gif,,0.4,Со своим весом
103,Приведение бедра лежа на боку,В этом упражнении работают мышцы внутренней части бедра.,Мышцы ног,2,https://makefitness.pro/wp-content/uploads/2020/02/%D0%BF%D1%80%D0%B8%D0%B2%D0%B5%D0%B4%D0%B5%D0%BD%D0%B8%D0%B5-%D0%B1%D0%B5%D0%B4%D1%80%D0%B0-%D0%BB%D0%B5%D0%B6%D0%B0-%D0%BD%D0%B0-%D0%B1%D0%BE%D0%BA%D1%83.gif,,0.4,Со своим весом
104,Приседания с гантелями в руках,В этом упражнении даётся комплексная нагрузка на все мышцы ног.,Мышцы ног,4,https://makefitness.pro/wp-content/uploads/2020/02/%D0%BF%D1%80%D0%B8%D1%81%D0%B5%D0%B4%D0%B0%D0%BD%D0%B8%D1%8F-%D1%81-%D0%B3%D0%B0%D0%BD%D1%82%D0%B5%D0%BB%D1%8F%D0%BC%D0%B8.gif,,0.4,С гантелями
105,Широкие приседания с одной гантелей,В этом упражнении даётся комплексная нагрузка на все мышцы ног.,Мышцы ног,5,https://makefitness.pro/wp-content/uploads/2020/02/%D0%BF%D1%80%D0%B8%D1%81%D0%B5%D0%B4%D0%B0%D0%BD%D0%B8%D0%B5-%D0%BF%D0%BB%D0%B8%D0%B5-%D1%81-%D0%B3%D0%B0%D0%BD%D1%82%D0%B5%D0%BB%D1%8F%D0%BC%D0%B8.gif,,0.4,С гантелями
106,Приседание с гантелей на груди,В этом упражнении даётся комплексная нагрузка на все мышцы ног.,Мышцы ног,4,https://makefitness.pro/wp-content/uploads/2020/02/%D0%BF%D1%80%D0%B8%D1%81%D0%B5%D0%B4%D0%B0%D0%BD%D0%B8%D0%B5-%D1%81-%D0%B3%D0%B0%D0%BD%D1%82%D0%B5%D0%BB%D0%B5%D0%B9-%D0%BD%D0%B0-%D0%B3%D1%80%D1%83%D0%B4%D0%B8.gif,,0.4,С гантелями
107,Выпады с гантелями,В этом упражнении даётся комплексная нагрузка на все мышцы ног.,Мышцы ног,5,https://makefitness.pro/wp-content/uploads/2020/02/%D0%B2%D1%8B%D0%BF%D0%B0%D0%B4%D1%8B-%D1%81-%D0%B3%D0%B0%D0%BD%D1%82%D0%B5%D0%BB%D1%8F%D0%BC%D0%B8.gif,,0.4,С гантелями
108,Выпады назад с гантелями,В этом упражнении даётся комплексная нагрузка на все мышцы ног.,Мышцы ног,5,https://makefitness.pro/wp-content/uploads/2020/02/%D0%B2%D1%8B%D0%BF%D0%B0%D0%B4%D1%8B-%D0%BD%D0%B0%D0%B7%D0%B0%D0%B4-%D1%81-%D0%B3%D0%B0%D0%BD%D1%82%D0%B5%D0%BB%D1%8F%D0%BC%D0%B8.gif,,0.4,С гантелями
109,Болгарские выпады,В этом упражнении даётся комплексная нагрузка на все мышцы ног.,Мышцы ног,4,https://makefitness.pro/wp-content/uploads/2020/02/%D0%B1%D0%BE%D0%BB%D0%B3%D0%B0%D1%80%D1%81%D0%BA%D0%B8%D0%B5-%D0%B2%D1%8B%D0%BF%D0%B0%D0%B4%D1%8B-%D1%81-%D0%B3%D0%B0%D0%BD%D1%82%D0%B5%D0%BB%D1%8F%D0%BC%D0%B8.gif,,0.4,С гантелями
110,Мертвая тяга с гантелями,В этом упражнении даётся комплексная нагрузка на все мышцы ног.,Мышцы ног,4,https://makefitness.pro/wp-content/uploads/2020/02/%D0%BC%D0%B5%D1%80%D1%82%D0%B2%D0%B0%D1%8F-%D1%82%D1%8F%D0%B3%D0%B0-%D1%81-%D0%B3%D0%B0%D0%BD%D1%82%D0%B5%D0%BB%D1%8F%D0%BC%D0%B8.gif,,0.4,С гантелями
111,Подъем на носки с гантелями,В этом упражнении даётся комплексная нагрузка на все мышцы ног.,Мышцы ног,3,https://makefitness.pro/wp-content/uploads/2020/02/%D0%BF%D0%BE%D0%B4%D1%8A%D1%91%D0%BC-%D0%BD%D0%B0-%D0%B8%D0%BA%D1%80%D1%8B-%D1%81-%D0%B3%D0%B0%D0%BD%D1%82%D0%B5%D0%BB%D1%8F%D0%BC%D0%B8.gif,,0.4,С гантелями
112,Приседания с резинкой,В этом упражнении даётся комплексная нагрузка на все мышцы ног.,Мышцы ног,4,https://makefitness.pro/wp-content/uploads/2020/04/%D0%BF%D1%80%D0%B8%D1%81%D0%B5%D0%B4%D0%B0%D0%BD%D0%B8%D1%8F.gif,,0.4,С фитнес-резинкой
113,Приседания с махом ногой,В этом упражнении даётся комплексная нагрузка на все мышцы ног.,Мышцы ног,5,https://makefitness.pro/wp-content/uploads/2020/04/%D0%B2%D1%8B%D0%BF%D0%B0%D0%B4%D1%8B-%D0%B2%D0%BF%D0%B5%D1%80%D0%B5%D0%B4-%D1%81-%D0%BC%D0%B0%D1%85%D0%BE%D0%BC-%D0%BD%D0%BE%D0%B3%D0%B8.gif,,0.4,С фитнес-резинкой
114,Приседания с отведением ноги назад,В этом упражнении даётся комплексная нагрузка на все мышцы ног.,Мышцы ног,4,https://makefitness.pro/wp-content/uploads/2020/04/%D0%BF%D1%80%D0%B8%D1%81%D0%B5%D0%B4-%D1%81-%D0%BE%D1%82%D0%B2%D0%B5%D0%B4%D0%B5%D0%BD%D0%B8%D0%B5%D0%BC-%D0%BD%D0%BE%D0%B3%D0%B8-%D0%BD%D0%B0%D0%B7%D0%B0%D0%B4.gif,,0.4,С фитнес-резинкой
115,Приседания с отведением ноги в сторону,В этом упражнении даётся комплексная нагрузка на все мышцы ног.,Мышцы ног,4,https://makefitness.pro/wp-content/uploads/2020/04/%D0%BF%D1%80%D0%B8%D1%81%D0%B5%D0%B6%D0%B0%D0%BD%D0%B8%D1%8F-%D1%81-%D0%BE%D1%82%D0%B2%D0%B5%D0%B4%D0%B5%D0%BD%D0%B8%D0%B5%D0%BC-%D0%BD%D0%BE%D0%B3%D0%B8-%D0%B2-%D1%81%D1%82%D0%BE%D1%80%D0%BE%D0%BD%D1%83.gif,,0.4,С фитнес-резинкой
116,Ходьба в сторону,В этом упражнении даётся комплексная нагрузка на все мышцы ног.,Мышцы ног,3,https://makefitness.pro/wp-content/uploads/2020/04/%D1%85%D0%BE%D0%B4%D1%8C%D0%B1%D0%B0-%D0%B1%D0%BE%D0%BA%D0%BE%D0%BC.gif,,0.4,С фитнес-резинкой
117,Ходьба в строну с приседаниями,В этом упражнении даётся комплексная нагрузка на все мышцы ног.,Мышцы ног,5,https://makefitness.pro/wp-content/uploads/2020/04/%D1%85%D0%BE%D0%B4%D1%8C%D0%B1%D0%B0-%D0%B2-%D1%81%D1%82%D0%BE%D1%80%D0%BE%D0%BD%D1%83-%D1%81-%D0%BF%D1%80%D0%B8%D1%81%D0%B5%D0%B4%D0%B0%D0%BD%D0%B8%D1%8F%D0%BC%D0%B8.gif,,0.4,С фитнес-резинкой
118,Махи ногой лежа на боку,В этом упражнении работают мышцы внешней части бедра.,Мышцы ног,1,https://makefitness.pro/wp-content/uploads/2020/04/%D0%BC%D0%B0%D1%85%D0%B8-%D0%BD%D0%BE%D0%B3%D0%BE%D0%B9-%D0%BB%D0%B5%D0%B6%D0%B0-%D0%BD%D0%B0-%D0%B1%D0%BE%D0%BA%D1%83.gif,,0.4,С фитнес-резинкой
119,Отведение ноги в сторону стоя,В этом упражнении работают мышцы внешней части бедра.,Мышцы ног,3,https://makefitness.pro/wp-content/uploads/2020/04/%D0%BE%D1%82%D0%B2%D0%B5%D0%B4%D0%B5%D0%BD%D0%B8%D0%B5-%D0%BD%D0%BE%D0%B3%D0%B8-%D0%B2-%D1%81%D1%82%D0%BE%D1%80%D0%BE%D0%BD%D1%83-%D1%81%D1%82%D0%BE%D1%8F-%D1%81-%D0%BE%D0%BF%D0%BE%D1%80%D0%BE%D0%B9.gif,,0.4,С фитнес-резинкой
120,Сгибания ног лежа,В этом упражнении работают ягодичные мышцы.,Мышцы ног,3,https://makefitness.pro/wp-content/uploads/2020/04/%D1%81%D0%B3%D0%B8%D0%B1%D0%B0%D0%BD%D0%B8%D0%B5-%D0%BD%D0%BE%D0%B3%D0%B8-%D0%BB%D0%B5%D0%B6%D0%B0-%D0%BD%D0%B0-%D0%B6%D0%B8%D0%B2%D0%BE%D1%82%D0%B5.gif,,0.4,С фитнес-резинкой
121,Приседания,В этом упражнении даётся комплексная нагрузка на все мышцы ног.,Мышцы ног,1,https://makefitness.pro/wp-content/uploads/2020/02/%D0%BF%D1%80%D0%B8%D1%81%D0%B5%D0%B4%D0%B0%D0%BD%D0%B8%D1%8F-1.gif,,0.4,С резиновыми петлями
122,Выпады,В этом упражнении даётся комплексная нагрузка на все мышцы ног.,Мышцы ног,3,https://makefitness.pro/wp-content/uploads/2020/02/%D0%B2%D1%8B%D0%BF%D0%B0%D0%B4%D1%8B-%D1%81-%D1%80%D0%B5%D0%B7%D0%B8%D0%BD%D0%BE%D0%B9.gif,,0.4,С резиновыми петлями
123,Мертвая тяга с резиновыми петлями,В этом упражнении даётся комплексная нагрузка на все мышцы ног.,Мышцы ног,4,https://makefitness.pro/wp-content/uploads/2020/02/%D0%BC%D0%B5%D1%80%D1%82%D0%B2%D0%B0%D1%8F-%D1%82%D1%8F%D0%B3%D0%B0-%D1%81-%D1%80%D0%B5%D0%B7%D0%B8%D0%BD%D0%BE%D0%B9.gif,,0.4,С резиновыми петлями
124,Жим одной ногой,В этом упражнении даётся комплексная нагрузка на все мышцы ног.,Мышцы ног,4,https://makefitness.pro/wp-content/uploads/2020/02/%D0%B6%D0%B8%D0%BC-%D0%BD%D0%BE%D0%B3%D0%BE%D0%B9-%D0%BB%D0%B5%D0%B6%D0%B0-1.gif,,0.4,С резиновыми петлями
125,Приседания со штангой на плечах,В этом упражнении даётся комплексная нагрузка на все мышцы ног.,Мышцы ног,4,https://makefitness.pro/wp-content/uploads/2020/02/%D0%BF%D1%80%D0%B8%D1%81%D0%B5%D0%B4%D0%B0%D0%BD%D0%B8%D1%8F-%D1%81%D0%BE-%D1%88%D1%82%D0%B0%D0%BD%D0%B3%D0%BE%D0%B9.gif,,0.4,Со штангой
126,Выпады,В этом упражнении даётся комплексная нагрузка на все мышцы ног.,Мышцы ног,5,https://makefitness.pro/wp-content/uploads/2020/02/%D0%B2%D1%8B%D0%BF%D0%B0%D0%B4%D1%8B-%D1%81%D0%BE-%D1%88%D1%82%D0%B0%D0%BD%D0%B3%D0%BE%D0%B9.gif,,0.4,Со штангой
127,Мертвая тяга со штангой,В этом упражнении даётся комплексная нагрузка на все мышцы ног.,Мышцы ног,4,https://makefitness.pro/wp-content/uploads/2020/02/%D0%BC%D0%B5%D1%80%D1%82%D0%B2%D0%B0%D1%8F-%D1%82%D1%8F%D0%B3%D0%B0-%D1%81%D0%BE-%D1%88%D1%82%D0%B0%D0%BD%D0%B3%D0%BE%D0%B9.gif,,0.4,Со штангой
128,Становая тяга со штангой «сумо»,В этом упражнении даётся комплексная нагрузка на все мышцы ног.,Мышцы ног,5,https://makefitness.pro/wp-content/uploads/2020/02/%D1%81%D1%82%D0%B0%D0%BD%D0%BE%D0%B2%D0%B0%D1%8F-%D1%81%D1%83%D0%BC%D0%BE.gif,,0.4,Со штангой
129,Подъем на носки стоя,В этом упражнении даётся комплексная нагрузка на все мышцы ног.,Мышцы ног,1,https://makefitness.pro/wp-content/uploads/2020/02/%D0%BF%D0%BE%D0%B4%D1%8A%D0%B5%D0%BC-%D0%BD%D0%B0-%D0%BD%D0%BE%D0%BA%D0%B0%D1%85-%D1%81%D0%BE-%D1%88%D1%82%D0%B0%D0%BD%D0%B3%D0%BE%D0%B9.gif,,0.4,Со штангой
130,Подъем на носки стоя,В этом упражнении даётся комплексная нагрузка на все мышцы ног.,Мышцы ног,1,https://makefitness.pro/wp-content/uploads/2020/02/%D0%BF%D0%BE%D0%B4%D1%8A%D0%B5%D0%BC-%D0%BD%D0%B0-%D0%BD%D0%BE%D0%BA%D0%B0%D1%85-%D1%81%D0%BE-%D1%88%D1%82%D0%B0%D0%BD%D0%B3%D0%BE%D0%B9.gif,,0.4,Со штангой
131,Отжимания,В этом упражнении работает только передняя часть плеча.,Мышцы плеча,2,https://makefitness.pro/wp-content/uploads/2020/02/%D0%BE%D1%82%D0%B6%D0%B8%D0%BC%D0%B0%D0%BD%D0%B8%D1%8F-%D0%BA%D0%BB%D0%B0%D1%81%D1%81%D0%B8%D0%BA.gif,,0.4,Со своим весом
132,Армейские отжимания,В этом упражнении работает передняя и средняя часть плеча.,Мышцы плеча,3,https://makefitness.pro/wp-content/uploads/2020/02/%D0%B0%D1%80%D0%BC%D0%B5%D0%B9%D1%81%D0%BA%D0%B8%D0%B5-%D0%BE%D1%82%D0%B6%D0%B8%D0%BC%D0%B0%D0%BD%D0%B8%D1%8F.gif,,0.4,Со своим весом
133,Жим гантель стоя или сидя,В этом упражнении работает преимущественно средний пучок и частично передний.,Мышцы плеча,3,https://makefitness.pro/wp-content/uploads/2020/02/%D0%B6%D0%B8%D0%BC-%D0%B3%D0%B0%D0%BD%D1%82%D0%B5%D0%BB%D0%B5%D0%B9-%D1%81%D1%82%D0%BE%D1%8F-2.gif,https://makefitness.pro/wp-content/uploads/2020/02/%D0%B6%D0%B8%D0%BC-%D0%B3%D0%B0%D0%BD%D1%82%D0%B5%D0%BB%D0%B5%D0%B9-%D1%81%D0%B8%D0%B4%D1%8F.gif,0.4,С гантелями
134,Махи с гантелями стоя или сидя,В этом упражнении работает средний пучок.,Мышцы плеча,4,https://makefitness.pro/wp-content/uploads/2020/02/%D0%BC%D0%B0%D1%85%D0%B8-%D1%81-%D0%B3%D0%B0%D0%BD%D1%82%D0%B5%D0%BB%D1%8F%D0%BC%D0%B8-%D1%81%D1%82%D0%BE%D1%8F.gif,https://makefitness.pro/wp-content/uploads/2020/02/%D0%BC%D0%B0%D1%85%D0%B8-%D1%81-%D0%B3%D0%B0%D0%BD%D1%82%D0%B5%D0%BB%D1%8F%D0%BC%D0%B8-%D1%81%D0%B8%D0%B4%D1%8F.gif,0.4,С гантелями
135,Тяга к подбородку,В этом упражнении работает средний пучок.,Мышцы плеча,3,https://makefitness.pro/wp-content/uploads/2020/02/%D1%82%D1%8F%D0%B3%D0%B0-%D0%B3%D0%B0%D0%BD%D1%82%D0%B5%D0%BB%D0%B5%D0%B9-%D0%BA-%D0%BF%D0%BE%D0%B4%D0%B1%D0%BE%D1%80%D0%BE%D0%B4%D0%BA%D1%83.gif,,0.4,С гантелями
136,Жим Арнольда стоя или сидя,В этом упражнении работает передний и средний пучок.,Мышцы плеча,4,https://makefitness.pro/wp-content/uploads/2020/02/%D0%B6%D0%B8%D0%BC-%D0%B0%D1%80%D0%BD%D0%BE%D0%BB%D1%8C%D0%B4%D0%B0.gif,https://makefitness.pro/wp-content/uploads/2020/02/%D0%B6%D0%B8%D0%BC-%D0%B0%D1%80%D0%BD%D0%BE%D0%BB%D1%8C%D0%B4%D0%B0-%D1%81%D0%B8%D0%B4%D1%8F.gif,0.4,С гантелями
137,Махи перед собой,В этом упражнении работает передний пучок.,Мышцы плеча,3,https://makefitness.pro/wp-content/uploads/2020/02/%D0%BC%D0%B0%D1%85%D0%B8-%D0%BF%D0%B5%D1%80%D0%B5%D0%B4-%D1%81%D0%BE%D0%B1%D0%BE%D0%B9.gif,,0.4,С гантелями
138,Махи в наклоне,В этом упражнении работает задний пучок.,Мышцы плеча,4,https://makefitness.pro/wp-content/uploads/2020/02/%D0%BC%D0%B0%D1%85%D0%B8-%D0%B3%D0%B0%D0%BD%D1%82%D0%B5%D0%BB%D1%8F%D0%BC%D0%B8-%D0%B2-%D0%BD%D0%B0%D0%BA%D0%BB%D0%BE%D0%BD%D0%B5.gif,,0.4,С гантелями
139,Жим штанги стоя или сидя,В этом упражнении работает средняя и передняя часть плеча.,Мышцы плеча,4,https://makefitness.pro/wp-content/uploads/2020/02/%D0%B6%D0%B8%D0%BC-%D1%88%D1%82%D0%B0%D0%BD%D0%B3%D0%B8-%D1%81%D1%82%D0%BE%D1%8F.gif,https://makefitness.pro/wp-content/uploads/2020/02/%D0%B6%D0%B8%D0%BC-%D1%88%D1%82%D0%B0%D0%BD%D0%B3%D0%B8-%D1%81%D0%B8%D0%B4%D1%8F.gif,0.4,Со штангой
140,Жим из-за головы,В этом упражнении работает средняя часть плеча.,Мышцы плеча,3,https://makefitness.pro/wp-content/uploads/2020/02/%D0%B6%D0%B8%D0%BC-%D0%B8%D0%B7-%D0%B7%D0%B0-%D0%B3%D0%BE%D0%BB%D0%BE%D0%B2%D1%8B-1.gif,,0.4,Со штангой
141,Тяга к подбородку,В этом упражнении работает средний пучок.,Мышцы плеча,3,https://makefitness.pro/wp-content/uploads/2020/02/%D1%82%D1%8F%D0%B3%D0%B0-%D1%88%D1%82%D0%B0%D0%BD%D0%B3%D0%B8-%D0%BA-%D0%BF%D0%BE%D0%B4%D0%B1%D0%BE%D1%80%D0%BE%D0%B4%D0%BA%D1%83.gif,,0.4,Со штангой
142,Подъем перед собой,В этом упражнении работает передний пучок.,Мышцы плеча,3,https://makefitness.pro/wp-content/uploads/2020/02/%D0%BF%D0%BE%D0%B4%D1%8A%D0%B5%D0%BC-%D1%88%D1%82%D0%B0%D0%BD%D0%B3%D0%B8-%D0%BF%D0%B5%D1%80%D0%B5%D0%B4-%D1%81%D0%BE%D0%B1%D0%BE%D0%B9.gif,,0.4,Со штангой
143,Жим стоя(двумя руками или поочередно),В этом упражнении работает средняя и передняя часть плеча.,Мышцы плеча,3,https://makefitness.pro/wp-content/uploads/2020/02/%D0%B6%D0%B8%D0%BC-%D0%BE%D1%82-%D0%B3%D1%80%D1%83%D0%B4%D0%B8-%D0%B2%D0%B2%D0%B5%D1%80%D1%85.gif,https://makefitness.pro/wp-content/uploads/2020/02/%D0%B6%D0%B8%D0%BC-%D0%BE%D0%B4%D0%BD%D0%BE%D0%B9-%D1%80%D1%83%D0%BA%D0%BE%D0%B9-%D0%B2%D0%B2%D0%B5%D1%80%D1%85.gif,0.4,С резиновыми петлями
144,Жим из-за головы,В этом упражнении работает средний пучок.,Мышцы плеча,3,https://makefitness.pro/wp-content/uploads/2020/02/%D0%B6%D0%B8%D0%BC-%D0%B8%D0%B7-%D0%B7%D0%B0-%D0%B3%D0%BE%D0%BB%D0%BE%D0%B2%D1%8B-2.gif,,0.4,С резиновыми петлями
145,Отведение в сторону,В этом упражнении работает средний пучок.,Мышцы плеча,4,https://makefitness.pro/wp-content/uploads/2020/02/%D0%9E%D1%82%D0%B2%D0%B5%D0%B4%D0%B5%D0%BD%D0%B8%D0%B5-%D0%B2-%D1%81%D1%82%D0%BE%D1%80%D0%BE%D0%BD%D1%83.gif,,0.4,С резиновыми петлями
146,Тяга к подбородку,В этом упражнении работает средний пучок.,Мышцы плеча,3,https://makefitness.pro/wp-content/uploads/2020/02/%D1%82%D1%8F%D0%B3%D0%B0-%D0%BA-%D0%BF%D0%BE%D0%B4%D0%B1%D0%BE%D1%80%D0%BE%D0%B4%D0%BA%D1%83-2.gif,,0.4,С резиновыми петлями
147,Разведения стоя,В этом упражнении работает средний пучок.,Мышцы плеча,4,https://makefitness.pro/wp-content/uploads/2020/02/%D1%80%D0%B0%D0%B7%D0%B2%D0%BE%D0%B4%D0%BA%D0%B0-%D0%B2-%D0%BB%D0%BE%D0%BA%D1%82%D0%B5-%D1%81%D1%82%D0%BE%D1%8F.gif,,0.4,С резиновыми петлями
148,Махи перед собой,В этом упражнении работает передний пучок.,Мышцы плеча,3,https://makefitness.pro/wp-content/uploads/2020/02/%D0%BC%D0%B0%D1%85%D0%B8-%D0%BF%D0%B5%D1%80%D0%B5%D0%B4-%D1%81%D0%BE%D0%B1%D0%BE%D0%B9-%D0%BD%D0%B0-%D0%BF%D0%BB%D0%B5%D1%87%D0%B8-1.gif,,0.4,С резиновыми петлями
149,Тяга в наклоне,В этом упражнении работает задний пучок.,Мышцы плеча,3,https://makefitness.pro/wp-content/uploads/2020/02/%D1%82%D1%8F%D0%B3%D0%B0-%D0%BD%D0%B0-%D0%BF%D0%BB%D0%B5%D1%87%D0%B8-1.gif,,0.4,С резиновыми петлями
150,Отведение в наклоне,В этом упражнении работает задний пучок.,Мышцы плеча,3,https://makefitness.pro/wp-content/uploads/2020/02/%D0%BE%D1%82%D0%B2%D0%B5%D0%B4%D0%B5%D0%BD%D0%B8%D0%B5-%D0%BD%D0%B0-%D0%B7%D0%B0%D0%B4%D0%BD%D1%8E%D1%8E-%D0%B4%D0%B5%D0%BB%D1%8C%D1%82%D1%83-%D0%B2-%D0%BD%D0%B0%D0%BA%D0%BB%D0%BE%D0%BD%D0%B5.gif,,0.4,С резиновыми петлями
151,Разведение в стороны стоя,В этом упражнении работает задний пучок.,Мышцы плеча,4,https://makefitness.pro/wp-content/uploads/2020/02/%D1%80%D0%B0%D0%B7%D0%B2%D0%B5%D0%B4%D0%B5%D0%BD%D0%B8%D0%B5-%D0%BD%D0%B0-%D0%BF%D0%BB%D0%B5%D1%87%D0%B8-%D1%81%D1%82%D0%BE%D1%8F-1.gif,,0.4,С резиновыми петлями
152,Касание пяток сидя,В этом упражнении работают мышцы пресса.,Мышцы пресса,3,https://makefitness.pro/wp-content/uploads/2020/02/%D0%BA%D0%B0%D1%81%D0%B0%D0%BD%D0%B8%D0%B5-%D0%BF%D1%8F%D1%82%D0%BE%D0%BA-%D1%81%D0%B8%D0%B4%D1%8F-%D1%81-%D0%BF%D0%BE%D0%B4%D1%8A%D0%B5%D0%BC%D0%BE%D0%BC-%D0%BD%D0%BE%D0%B3.gif,,0.4,Со своим весом
153,Дотягивания до щиколоток,В этом упражнении работают мышцы пресса.,Мышцы пресса,3,https://makefitness.pro/wp-content/uploads/2020/02/%D0%B4%D0%BE%D1%82%D1%8F%D0%B3%D0%B8%D0%B2%D0%B0%D0%BD%D0%B8%D0%B5-%D0%B4%D0%BE-%D1%89%D0%B8%D0%BA%D0%BE%D0%BB%D0%BE%D1%82%D0%BE%D0%BA.gif,,0.4,Со своим весом
154,Упрощенный»велосипед»,В этом упражнении работают мышцы пресса.,Мышцы пресса,2,https://makefitness.pro/wp-content/uploads/2020/02/%D0%B2%D0%B5%D0%BB%D0%BE%D1%81%D0%B8%D0%BF%D0%B5%D0%B4-%D1%83%D0%BF%D1%80%D0%BE%D1%89%D0%B5%D0%BD%D0%BD%D1%8B%D0%B9.gif,,0.4,Со своим весом
155,Упрощенный велосипед,В этом упражнении работают мышцы пресса.,Мышцы пресса,2,https://makefitness.pro/wp-content/uploads/2020/02/%D0%B2%D0%B5%D0%BB%D0%BE%D1%81%D0%B8%D0%BF%D0%B5%D0%B4-%D1%83%D0%BF%D1%80%D0%BE%D1%89%D0%B5%D0%BD%D0%BD%D1%8B%D0%B9.gif,,0.4,Со своим весом
156,Скручивания стоя,В этом упражнении работают мышцы пресса.,Мышцы пресса,3,https://makefitness.pro/wp-content/uploads/2020/02/%D1%81%D0%BA%D1%80%D1%83%D1%87%D0%B8%D0%B2%D0%B0%D0%BD%D0%B8%D1%8F-%D1%81%D1%82%D0%BE%D1%8F.gif,,0.4,Со своим весом
157,Русский твистер,В этом упражнении работают мышцы пресса.,Мышцы пресса,3,https://makefitness.pro/wp-content/uploads/2020/02/%D1%80%D1%83%D1%81%D1%81%D0%BA%D0%B8%D0%B9-%D1%82%D0%B2%D0%B8%D1%81%D1%82%D0%B5%D1%80.gif,,0.4,Со своим весом
158,Обратные скручивания с согнутыми ногами,В этом упражнении работают мышцы пресса.,Мышцы пресса,3,https://makefitness.pro/wp-content/uploads/2020/02/%D0%BE%D0%B1%D1%80%D0%B0%D1%82%D0%BD%D1%8B%D0%B5-%D1%81%D0%BA%D1%80%D1%83%D1%87%D0%B8%D0%B2-%D1%81-%D1%81%D0%BE%D0%B3%D0%BD%D1%83%D1%82%D1%8B%D0%BC%D0%B8-%D0%BD%D0%BE%D0%B3%D0%B0%D0%BC%D0%B8.gif,,0.4,Со своим весом
159,Скручивания,В этом упражнении работают мышцы пресса.,Мышцы пресса,3,https://makefitness.pro/wp-content/uploads/2020/02/%D1%81%D0%BA%D1%80%D1%83%D1%87%D0%B8%D0%B2%D0%B0%D0%BD%D0%B8%D1%8F.gif,,0.4,Со своим весом
160,Косые скручивания,В этом упражнении работают мышцы пресса.,Мышцы пресса,2,https://makefitness.pro/wp-content/uploads/2020/02/%D0%BA%D0%BE%D1%81%D1%8B%D0%B5-%D1%81%D0%BA%D1%80%D1%83%D1%87%D0%B8%D0%B2%D0%B0%D0%BD%D0%B8%D1%8F..gif,,0.4,Со своим весом
161,Косые скручивания с подносом колена,В этом упражнении работают мышцы пресса.,Мышцы пресса,3,https://makefitness.pro/wp-content/uploads/2020/02/%D0%BA%D0%BE%D1%81%D1%8B%D0%B5-%D1%81%D0%BA%D1%80%D1%83%D1%87%D0%B8%D0%B2%D0%B0%D0%BD%D0%B8%D1%8F-%D1%81-%D0%BF%D0%BE%D0%B4%D0%BD%D0%BE%D1%81%D0%BE%D0%BC-%D0%BA%D0%BE%D0%BB%D0%B5%D0%BD%D0%B0.gif,,0.4,Со своим весом
162,Косые скручивания с велосипедом,В этом упражнении работают мышцы пресса.,Мышцы пресса,3,https://makefitness.pro/wp-content/uploads/2020/02/%D0%BA%D0%BE%D1%81%D1%8B%D0%B5-%D1%81%D0%BA%D1%80%D1%83%D1%87%D0%B8%D0%B2%D0%B0%D0%BD%D0%B8%D1%8F-%D1%81-%D0%B2%D0%B5%D0%BB%D0%BE%D1%81%D0%B8%D0%BF%D0%B5%D0%B4%D0%BE%D0%BC.gif,,0.4,Со своим весом
163,Обратные скручивания,В этом упражнении работают мышцы пресса.,Мышцы пресса,3,https://makefitness.pro/wp-content/uploads/2020/02/%D0%BE%D0%B1%D1%80%D0%B0%D1%82%D0%BD%D1%8B%D0%B5-%D1%81%D0%BA%D1%80%D1%83%D1%87%D0%B8%D0%B2%D0%B0%D0%BD%D0%B8%D1%8F-%D1%81-%D0%BE%D1%82%D1%80%D1%8B%D0%B2%D0%BE%D0%BC-%D0%BF%D0%BE%D1%8F%D1%81%D0%BD%D0%B8%D1%86%D1%8B.gif,,0.4,Со своим весом
164,Скручивания с подъемом ног,В этом упражнении работают мышцы пресса.,Мышцы пресса,4,https://makefitness.pro/wp-content/uploads/2020/02/%D1%81%D0%BA%D1%80%D1%83%D1%87%D0%B8%D0%B2%D0%B0%D0%BD%D0%B8%D1%8F-%D1%81-%D0%BF%D0%BE%D0%B4%D1%8A%D0%B5%D0%BC%D0%BE%D0%BC-%D0%BD%D0%BE%D0%B3.gif,,0.4,Со своим весом
165,Велосипед,В этом упражнении работают мышцы пресса.,Мышцы пресса,2,https://makefitness.pro/wp-content/uploads/2020/02/%D0%B2%D0%B5%D0%BB%D0%BE%D1%81%D0%B8%D0%BF%D0%B5%D0%B4.gif,,0.4,Со своим весом
166,Маятник,В этом упражнении работают мышцы пресса.,Мышцы пресса,3,https://makefitness.pro/wp-content/uploads/2020/02/%D0%BC%D0%B0%D1%8F%D1%82%D0%BD%D0%B8%D0%BA-%D0%BD%D0%BE%D0%B3%D0%B0%D0%BC%D0%B8.gif,,0.4,Со своим весом
167,Вертикальные ножницы,В этом упражнении работают мышцы пресса.,Мышцы пресса,3,https://makefitness.pro/wp-content/uploads/2020/02/%D0%B2%D0%B5%D1%80%D1%82%D0%B8%D0%BA%D0%B0%D0%BB%D1%8C%D0%BD%D1%8B%D0%B5-%D0%BD%D0%BE%D0%B6%D0%BD%D0%B8%D1%86%D1%8B.gif,,0.4,Со своим весом
168,Горизонтальные ножницы,В этом упражнении работают мышцы пресса.,Мышцы пресса,3,https://makefitness.pro/wp-content/uploads/2020/02/%D0%BD%D0%BE%D0%B6%D0%BD%D0%B8%D1%86%D1%8B-%D0%B3%D0%BE%D1%80%D0%B8%D0%B7%D0%BE%D0%BD%D1%82%D0%B0%D0%BB%D1%8C%D0%BD%D1%8B%D0%B5.gif,,0.4,Со своим весом
169,Звезда,В этом упражнении работают мышцы пресса.,Мышцы пресса,3,https://makefitness.pro/wp-content/uploads/2020/02/%D0%B7%D0%B2%D0%B5%D0%B7%D0%B4%D0%B0-%D0%BB%D0%B5%D0%B6%D0%B0.gif,,0.4,Со своим весом
170,Косой поднос колена в упоре,В этом упражнении работают мышцы пресса.,Мышцы пресса,2,https://makefitness.pro/wp-content/uploads/2020/02/%D0%BA%D0%BE%D1%81%D0%BE%D0%B9-%D0%BF%D0%BE%D0%B4%D0%BD%D0%BE%D1%81-%D0%BA%D0%BE%D0%BB%D0%B5%D0%BD%D0%B0-%D0%B2-%D1%83%D0%BF%D0%BE%D1%80%D0%B5.gif,,0.4,Со своим весом
171,Опускание ног,В этом упражнении работают мышцы пресса.,Мышцы пресса,2,https://makefitness.pro/wp-content/uploads/2020/02/%D0%BE%D0%BF%D1%83%D1%81%D0%BA%D0%B0%D0%BD%D0%B8%D0%B5-%D0%BE%D0%B1%D0%B5%D0%B8%D1%85-%D0%BD%D0%BE%D0%B3.gif,,0.4,Со своим весом
172,Косые скручивания с поднятой ногой,В этом упражнении работают мышцы пресса.,Мышцы пресса,5,https://makefitness.pro/wp-content/uploads/2020/02/%D1%81%D0%BA%D1%80%D1%83%D1%87%D0%B8%D0%B2%D0%B0%D0%BD%D0%B8%D1%8F-%D0%BA%D0%BE%D1%81%D1%8B%D0%B5-%D1%81-%D0%BF%D0%BE%D0%B4%D0%BD%D1%8F%D1%82%D0%BE%D0%B9-%D0%BD%D0%BE%D0%B3%D0%BE%D0%B9.gif,,0.4,Со своим весом
173,Скручивания лежа на боку,В этом упражнении работают мышцы пресса.,Мышцы пресса,3,https://makefitness.pro/wp-content/uploads/2020/02/%D1%81%D0%BA%D1%80%D1%83%D1%87%D0%B8%D0%B2%D0%B0%D0%BD%D0%B8%D1%8F-%D0%BB%D0%B5%D0%B6%D0%B0-%D0%BD%D0%B0-%D0%B1%D0%BE%D0%BA%D1%83.gif,,0.4,Со своим весом
174,Раскладушка,В этом упражнении работают мышцы пресса.,Мышцы пресса,5,https://makefitness.pro/wp-content/uploads/2020/02/%D1%80%D0%B0%D1%81%D0%BA%D0%BB%D0%B0%D0%B4%D1%83%D1%88%D0%BA%D0%B0.gif,,0.4,Со своим весом
175,Косые скручивания в упоре с касанием колена,В этом упражнении работают мышцы пресса.,Мышцы пресса,3,https://makefitness.pro/wp-content/uploads/2020/02/%D0%BA%D0%BE%D1%81%D1%8B%D0%B5-%D1%81%D0%BA%D1%80%D1%83%D1%87-%D0%BA%D0%B0%D1%81%D0%B0%D0%BD%D0%B8%D0%B5%D0%BC-%D0%BA%D0%BE%D0%BB%D0%BD%D0%B0-%D0%BB%D0%BE%D0%BA%D1%82%D0%B5%D0%BC-%D0%B2-%D0%BF%D0%BB%D0%B0%D0%BD%D0%BA%D0%B5.gif,,0.4,Со своим весом
176,Косые скручивания в боковой планке,В этом упражнении работают мышцы пресса.,Мышцы пресса,5,https://makefitness.pro/wp-content/uploads/2020/02/%D0%BA%D0%BE%D1%81%D1%8B%D0%B5-%D1%81%D0%BA%D1%80%D1%83%D1%87%D0%B8%D0%B2-%D0%B2-%D0%B1%D0%BE%D0%BA-%D0%BF%D0%BB%D0%B0%D0%BD%D0%BA%D0%B5-%D1%80%D1%83%D0%BA%D0%B0-%D0%B7%D0%B0-%D0%B3%D0%BE%D0%BB%D0%BE%D0%B2%D0%BE%D0%B9.gif,,0.4,Со своим весом
177,Подъем таза в боковой планке,В этом упражнении работают мышцы пресса.,Мышцы пресса,4,https://makefitness.pro/wp-content/uploads/2020/02/%D0%BF%D0%BE%D0%B4%D1%8A%D0%B5%D0%BC-%D1%82%D0%B0%D0%B7%D0%B0-%D0%B2-%D0%B1%D0%BE%D0%BA%D0%BE%D0%B2%D0%BE%D0%B9-%D0%BF%D0%BB%D0%B0%D0%BD%D0%BA%D0%B5-1.gif,,0.4,Со своим весом
178,Приведение локтя в боковой планке,В этом упражнении работают мышцы пресса.,Мышцы пресса,4,https://makefitness.pro/wp-content/uploads/2020/02/%D0%BF%D1%80%D0%B8%D0%B2%D0%B5%D0%B4%D0%B5%D0%BD%D0%B8%D0%B5-%D0%BB%D0%BE%D0%BA%D1%82%D1%8F-%D0%BA-%D0%BA%D0%BE%D0%BB%D0%B5%D0%BD%D0%BA%D0%B5-%D0%B2-%D0%B1%D0%BE%D0%BA%D0%BE%D0%B2%D0%BE%D0%B9-%D0%BF%D0%BB%D0%B0%D0%BD%D0%BA%D0%B5.gif,,0.4,Со своим весом
